Media File,Times Reported
6hw6_4eb_hq_147.58-148.31.wav,1
77b5f4pacrk_100.14-100.88.wav,1
77b5f4pacrk_108.23-109.43.wav,1
77b5f4pacrk_109.98-112.99.wav,1
77b5f4pacrk_127.5-128.12.wav,1
77b5f4pacrk_130.18-131.44.wav,1
77b5f4pacrk_139.41-140.45.wav,1
77b5f4pacrk_142.1-142.76.wav,1
77b5f4pacrk_153.97-154.84.wav,1
77b5f4pacrk_174.26-175.25.wav,1
77b5f4pacrk_177.04-177.81.wav,1
77b5f4pacrk_26.24-27.89.wav,1
77b5f4pacrk_3.11-4.14.wav,1
77b5f4pacrk_42.07-43.16.wav,1
77b5f4pacrk_51.99-52.51.wav,1
77b5f4pacrk_53.18-54.56.wav,1
77b5f4pacrk_72.32-74.38.wav,1
77b5f4pacrk_91.99-92.94.wav,1
8tax5zcmh44_0.05-3.61.wav,1
8tax5zcmh44_44.56-53.19.wav,1
8tax5zcmh44_54.03-60.1601.wav,1
8tax5zcmh44_60.7704-79.0789.wav,1
bmnekkaroe8_30.5-54.57.wav,1
k4ieljh1leg_4.16-5.63.wav,1
un9rz_sngys_2.45-3.01.wav,1
